{"cameraMode":{"drawMode":0,"name":"Shaded","section":"Shading Mode"},"sceneLighting":true,"audioPlay":false,"sceneViewState":{"m_AlwaysRefresh":false,"showFog":true,"showSkybox":true,"showFlares":true,"showImageEffects":true,"showParticleSystems":true,"showVisualEffectGraphs":true,"m_FxEnabled":true},"in2DMode":false,"pivot":{"x":-3.5221776962280275,"y":3.1225295066833498,"z":-121.2968978881836},"rotation":{"x":-0.36572134494781496,"y":0.6341753602027893,"z":-0.47445201873779299,"w":-0.48884090781211855},"size":9.203166007995606,"orthographic":false}