{"cameraMode":{"drawMode":0,"name":"Shaded","section":"Shading Mode"},"sceneLighting":true,"audioPlay":false,"sceneViewState":{"m_AlwaysRefresh":false,"showFog":true,"showSkybox":true,"showFlares":true,"showImageEffects":true,"showParticleSystems":true,"showVisualEffectGraphs":true,"m_FxEnabled":true},"in2DMode":false,"pivot":{"x":1.1687376499176026,"y":0.7259754538536072,"z":3.1556849479675295},"rotation":{"x":-0.5306932926177979,"y":-0.029992440715432168,"z":0.018795767799019815,"w":-0.8468263745307922},"size":56.491546630859378,"orthographic":false}