{"cameraMode":{"drawMode":0,"name":"Shaded","section":"Shading Mode"},"sceneLighting":true,"audioPlay":false,"sceneViewState":{"m_AlwaysRefresh":false,"showFog":true,"showSkybox":true,"showFlares":true,"showImageEffects":true,"showParticleSystems":true,"showVisualEffectGraphs":true,"m_FxEnabled":true},"in2DMode":false,"pivot":{"x":-1.3632621765136719,"y":4.422529220581055,"z":-0.3318929672241211},"rotation":{"x":-0.6618702411651611,"y":0.00044776799040846527,"z":-0.00039538947748951614,"w":-0.749619722366333},"size":56.05800247192383,"orthographic":false}