{"cameraMode":{"drawMode":0,"name":"Shaded","section":"Shading Mode"},"sceneLighting":true,"audioPlay":false,"sceneViewState":{"m_AlwaysRefresh":false,"showFog":true,"showSkybox":true,"showFlares":true,"showImageEffects":true,"showParticleSystems":true,"showVisualEffectGraphs":true,"m_FxEnabled":true},"in2DMode":false,"pivot":{"x":-20.91217803955078,"y":2.7278051376342775,"z":-42.29689407348633},"rotation":{"x":0.11777371913194657,"y":-0.8354063630104065,"z":0.49942028522491457,"w":0.19702716171741486},"size":4.2430877685546879,"orthographic":false}