{"cameraMode":{"drawMode":0,"name":"Shaded","section":"Shading Mode"},"sceneLighting":true,"audioPlay":false,"sceneViewState":{"m_AlwaysRefresh":false,"showFog":true,"showSkybox":true,"showFlares":true,"showImageEffects":true,"showParticleSystems":true,"showVisualEffectGraphs":true,"m_FxEnabled":true},"in2DMode":false,"pivot":{"x":-5.021030902862549,"y":4.78370475769043,"z":2.5573501586914064},"rotation":{"x":-0.6618702411651611,"y":0.00044776799040846527,"z":-0.00039538947748951614,"w":-0.749619722366333},"size":32.840755462646487,"orthographic":false}