{"cameraMode":{"drawMode":0,"name":"Shaded","section":"Shading Mode"},"sceneLighting":false,"audioPlay":false,"sceneViewState":{"m_AlwaysRefresh":false,"showFog":true,"showSkybox":false,"showFlares":true,"showImageEffects":true,"showParticleSystems":true,"showVisualEffectGraphs":true,"m_FxEnabled":true},"in2DMode":false,"pivot":{"x":-4.248425483703613,"y":0.6158327460289002,"z":-27.88825798034668},"rotation":{"x":-0.0038153990171849729,"y":-0.9863519668579102,"z":0.16303548216819764,"w":-0.023078083992004396},"size":6.8981170654296879,"orthographic":false}