{"cameraMode":{"drawMode":0,"name":"Shaded","section":"Shading Mode"},"sceneLighting":false,"audioPlay":false,"sceneViewState":{"m_AlwaysRefresh":false,"showFog":true,"showSkybox":false,"showFlares":true,"showImageEffects":true,"showParticleSystems":true,"showVisualEffectGraphs":true,"m_FxEnabled":true},"in2DMode":false,"pivot":{"x":2.9000000953674318,"y":0.020000003278255464,"z":96.80000305175781},"rotation":{"x":-0.057876188308000568,"y":-0.654745876789093,"z":0.05038538947701454,"w":-0.7519536018371582},"size":7.075485706329346,"orthographic":false}